,name,Total
1,Aquaculture,66.1510896
2,Wastewater,69.30287993
3,Water,62.87795869