,name,Total
4,Human,169.3719022
5,Other Animal,159.6156099
6,Other Environment,80.85926918
7,Plant,27.69710697